Tblitz_2022_01,Flasheur,Joueur 90,Joueur 47,Joueur 79,Joueur 52,Leandro,Joueur 75,Morfondus
Tblitz_2022_02,Zebulon Zirbou,Joueur 97,Joueur 77,Leandro,Joueur 94,Joueur 35,Joueur 49,Petar Popara
Tblitz_2022_03,Zebulon Zirbou,Flasheur,Joueur 78,Pierrot,Littlefinger,Joueur 91,Joueur 39,Joueur 35
Tblitz_2022_04,Groschat,Joueur 64,Littlefinger,Joueur 95,Flasheur,Joueur 57,Joueur 51,Joueur 74
Tblitz_2022_05,Flasheur,Joueur 89,Joueur 96,Bretzel,Joueur 44,Joueur 74,Joueur 38,Joueur 65
Tblitz_2022_06,Groschat,Joueur 71,ZeCyrille,Blabega,Joueur 39,Joueur 94,Joueur 58,Joueur 61
Tblitz_2022_07,Flasheur,Joueur 78,Joueur 92,Joueur 68,Leandro,Joueur 44,Joueur 83,Eryos
Tblitz_2022_08,Zebulon Zirbou,Joueur 80,Joueur 49,Robin84,Joueur 77,Elric_S,Joueur 79,Joueur 51
Tblitz_2022_09,Groschat,Joueur 49,Joueur 91,Joueur 76,Joueur 100,Joueur 65,Stradivarius,Joueur 84
Tblitz_2022_10,Flasheur,Joueur 38,Joueur 57,Joueur 34,Petar Popara,Warguy,Full of Hate,Joueur 66
Tblitz_2022_11,Flasheur,Joueur 77,Joueur 95,Truk de Houf,Joueur 61,Joueur 60,Joueur 47,Joueur 97
Tblitz_2022_12,Groschat,Blabega,Joueur 55,Joueur 89,Truk de Houf,Petar Popara,Lorenzo,Joueur 79
Tblitz_2022_13,Groschat,Zebulon Zirbou,Joueur 71,Joueur 37,Eryos,Joueur 87,Kakitaievitch,Joueur 50
Tblitz_2022_14,Flasheur,Joueur 83,Petar Popara,Littlefinger,Groschat,V2PT,Joueur 55,CaptainYo
Tblitz_2022_15,Zebulon Zirbou,Joueur 91,Joueur 73,Groschat,V2PT,Joueur 92,Robin84,Joueur 75
Tblitz_2022_16,Zebulon Zirbou,Joueur 63,Groschat,Joueur 60,ZeCyrille,Joueur 38,Von Choucroutehausen,Joueur 80
Tblitz_2022_17,Zebulon Zirbou,Joueur 36,Joueur 43,Joueur 80,Joueur 78,Joueur 63,Joueur 88,ZeCyrille
Tblitz_2022_18,Zebulon Zirbou,Joueur 74,Truk de Houf,Joueur 85,Pierrot,Lanimal,Joueur 61,Joueur 86
Tblitz_2022_19,Zebulon Zirbou,Joueur 55,Joueur 69,Joueur 61,Lanimal,Joueur 96,Joueur 98,V2PT
Tblitz_2022_20,Groschat,Lorenzo,Joueur 61,Joueur 91,Joueur 63,Joueur 53,Joueur 50,Stradivarius
Tblitz_2022_21,Zebulon Zirbou,Bretzel,Joueur 67,Abydos,Joueur 95,Joueur 90,Joueur 62,Joueur 54
Tblitz_2022_22,Groschat,Joueur 93,Leandro,Joueur 46,Joueur 72,Joueur 55,Flasheur,Kakitaievitch
Tblitz_2022_23,Flasheur,Joueur 52,Joueur 84,Joueur 48,Joueur 42,Joueur 79,Joueur 78,Joueur 56
Tblitz_2022_24,Zebulon Zirbou,Jean de Dreux,Joueur 90,Kakitaievitch,Joueur 55,Joueur 51,Joueur 80,Joueur 59
Tblitz_2022_25,Zebulon Zirbou,Joueur 45,Joueur 64,Joueur 94,Jean de Dreux,Joueur 61,Warguy,Blabega
Tblitz_2022_26,Groschat,Joueur 81,V2PT,Joueur 84,Joueur 58,Pierrot,Eryos,Joueur 57
Tblitz_2022_27,Flasheur,Joueur 37,Joueur 88,Joueur 36,Joueur 43,Joueur 67,Joueur 92,Joueur 90
Tblitz_2022_28,Flasheur,Joueur 82,Lorenzo,Joueur 75,Joueur 86,Joueur 95,Joueur 71,Joueur 47
Tblitz_2022_29,Flasheur,Joueur 50,Joueur 74,Joueur 86,Joueur 88,CaptainYo,Joueur 99,Bretzel
Tblitz_2022_30,Flasheur,Joueur 54,Lafouine,Joueur 73,Joueur 34,Joueur 62,Morfondus,Joueur 49
Tblitz_2022_31,Flasheur,Pierrot,Joueur 46,Joueur 47,Joueur 69,Kakitaievitch,Shani,Joueur 60
Tblitz_2022_32,Zebulon Zirbou,Lafouine,Joueur 63,Shani,Bretzel,Truk de Houf,Joueur 44,Joueur 52
Tblitz_2022_33,Flasheur,Joueur 86,Barjo,Joueur 38,Blabega,Joueur 85,Joueur 35,Joueur 82
Tblitz_2022_34,Zebulon Zirbou,ZeCyrille,Eryos,Joueur 87,Joueur 99,Morfondus,Joueur 60,Joueur 98
Tblitz_2022_35,Flasheur,Joueur 51,Joueur 48,Joueur 43,Shani,Joueur 66,CaptainYo,Zebulon Zirbou
Tblitz_2022_36,Groschat,Joueur 69,Joueur 40,Joueur 53,Joueur 46,Joueur 48,Joueur 72,Joueur 36
Tblitz_2022_37,Groschat,Joueur 84,Joueur 34,Joueur 67,Joueur 81,Eryos,Petar Popara,Joueur 38
Tblitz_2022_38,Flasheur,General Yankovic,Joueur 70,Joueur 100,Joueur 73,Groschat,Joueur 85,Joueur 64
Tblitz_2022_39,Flasheur,Joueur 100,Joueur 39,Joueur 33,Joueur 37,Joueur 97,Jean de Dreux,Joueur 94
Tblitz_2022_40,Flasheur,Joueur 61,Joueur 100,Barjo,Rymeorsk,Abydos,Lanimal,Joueur 63
Tblitz_2022_41,Flasheur,Joueur 44,Morfondus,Joueur 59,Joueur 56,Joueur 54,Joueur 74,Joueur 95
Tblitz_2022_42,Groschat,Joueur 73,Bretzel,Joueur 90,Joueur 75,Von Choucroutehausen,Joueur 57,Joueur 44
Tblitz_2022_43,Groschat,Robin84,Pierrot,Joueur 44,Zebulon Zirbou,Joueur 82,Elric_S,Joueur 78
Tblitz_2022_44,Groschat,Joueur 46,Joueur 81,Joueur 41,Lafouine,Joueur 39,Bretzel,Joueur 93
Tblitz_2022_45,Groschat,Shani,Blabega,Morfondus,Joueur 48,Joueur 99,Joueur 42,Abydos
Tblitz_2022_46,Zebulon Zirbou,Joueur 42,Joueur 33,Petar Popara,Abydos,Joueur 36,Joueur 76,Joueur 55
Tblitz_2022_47,Zebulon Zirbou,Von Choucroutehausen,Shani,Warguy,CaptainYo,Joueur 78,Joueur 84,Joueur 81
Tblitz_2022_48,Groschat,Joueur 33,Joueur 50,Joueur 65,Joueur 66,Littlefinger,Joueur 45,Joueur 69
Tblitz_2022_49,Groschat,Rymeorsk,Joueur 59,Joueur 62,Joueur 84,Joueur 77,Joueur 70,Lanimal
Tblitz_2022_50,Flasheur,Eryos,Joueur 93,Lorenzo,Joueur 50,Joueur 43,Joueur 87,Joueur 62
Tblitz_2022_51,Zebulon Zirbou,Joueur 34,Joueur 42,Joueur 88,Joueur 49,Joueur 98,Joueur 64,Full of Hate
Tblitz_2022_52,Groschat,Warguy,Joueur 65,Full of Hate,Joueur 83,Joueur 71,Joueur 89,Joueur 99
Tblitz_2022_53,Flasheur,Joueur 48,Joueur 51,Joueur 66,Joueur 97,ZeCyrille,Joueur 33,Joueur 34
Tblitz_2022_54,Groschat,Joueur 43,Elric_S,Joueur 42,Joueur 54,Joueur 45,Zebulon Zirbou,Shani
Tblitz_2022_55,Flasheur,Groschat,Joueur 44,Lanimal,Joueur 85,Joueur 59,Joueur 48,Warguy
Tblitz_2022_56,Zebulon Zirbou,Joueur 76,Stradivarius,Joueur 54,General Yankovic,Joueur 93,Joueur 63,Rymeorsk
Tblitz_2022_57,Groschat,Lei Saarlainen,CaptainYo,Zebulon Zirbou,Kakitaievitch,Flasheur,Rymeorsk,Joueur 76
Tblitz_2022_58,Groschat,Joueur 56,Joueur 86,Lafouine,Joueur 45,Joueur 37,Joueur 65,Joueur 96
Tblitz_2022_59,Flasheur,Joueur 39,Joueur 85,Lei Saarlainen,Joueur 59,Joueur 70,Joueur 97,Joueur 73
Tblitz_2022_60,Zebulon Zirbou,Joueur 53,Joueur 36,Joueur 51,Joueur 70,General Yankovic,Truk de Houf,Lei Saarlainen
Tblitz_2022_61,Flasheur,Kakitaievitch,Joueur 54,Joueur 56,Joueur 82,Joueur 69,Littlefinger,Joueur 46
Tblitz_2022_62,Flasheur,Truk de Houf,Joueur 68,Joueur 58,Joueur 57,Joueur 80,Joueur 66,Joueur 41
Tblitz_2022_63,Zebulon Zirbou,Joueur 35,Joueur 56,Joueur 98,Joueur 89,Joueur 86,ZeCyrille,Joueur 100
Tblitz_2022_64,Zebulon Zirbou,Joueur 60,Joueur 62,CaptainYo,Joueur 74,Shani,Joueur 96,Joueur 39
Tblitz_2022_65,Flasheur,Joueur 57,Full of Hate,Elric_S,Joueur 87,Joueur 47,Joueur 36,Lorenzo
Tblitz_2022_66,Groschat,Joueur 40,Joueur 66,Joueur 96,Lorenzo,Joueur 72,Joueur 41,General Yankovic
Tblitz_2022_67,Groschat,Joueur 79,Joueur 53,Joueur 74,Elric_S,Joueur 76,Joueur 90,Robin84
Tblitz_2022_68,Groschat,Joueur 68,Joueur 38,Flasheur,Joueur 91,Lei Saarlainen,V2PT,Littlefinger
Tblitz_2022_69,Groschat,Full of Hate,Joueur 60,Joueur 50,Joueur 38,Joueur 89,Joueur 46,Von Choucroutehausen
Tblitz_2022_70,Groschat,Barjo,Joueur 58,Joueur 78,Joueur 67,Joueur 41,Lei Saarlainen,Joueur 88
Tblitz_2022_71,Groschat,Joueur 59,Joueur 97,Joueur 45,Joueur 33,Joueur 49,Joueur 52,Joueur 85
Tblitz_2022_72,Groschat,CaptainYo,Joueur 80,Joueur 93,Joueur 96,Jean de Dreux,General Yankovic,Joueur 72
Tblitz_2022_73,Flasheur,Joueur 62,Joueur 89,Joueur 77,Joueur 53,Joueur 34,Lafouine,Elric_S
Tblitz_2022_74,Groschat,Joueur 67,Joueur 83,ZeCyrille,Lei Saarlainen,Zebulon Zirbou,Abydos,Truk de Houf
Tblitz_2022_75,Flasheur,Lanimal,Jean de Dreux,Joueur 63,Joueur 90,Joueur 46,Barjo,Joueur 68
Tblitz_2022_76,Zebulon Zirbou,Joueur 94,Joueur 41,Joueur 39,Joueur 68,Joueur 64,Blabega,Joueur 91
Tblitz_2022_77,Zebulon Zirbou,Joueur 92,Joueur 35,Joueur 64,Joueur 65,Bretzel,Joueur 53,Groschat
Tblitz_2022_78,Zebulon Zirbou,Joueur 70,Joueur 82,Joueur 81,Joueur 79,Joueur 50,Joueur 86,Joueur 83
Tblitz_2022_79,Flasheur,Joueur 72,Joueur 45,Joueur 82,Morfondus,Joueur 52,Pierrot,Joueur 77
Tblitz_2022_80,Flasheur,Littlefinger,Zebulon Zirbou,Eryos,Joueur 35,Lafouine,Joueur 43,Joueur 40
Tblitz_2022_81,Flasheur,Leandro,Joueur 72,Joueur 71,Joueur 93,Joueur 33,Joueur 68,Joueur 53
Tblitz_2022_82,Flasheur,Joueur 99,Joueur 79,Joueur 40,Robin84,Joueur 56,Joueur 91,Pierrot
Tblitz_2022_83,Flasheur,Joueur 66,Joueur 52,Joueur 49,Barjo,Joueur 68,Groschat,Joueur 33
Tblitz_2022_84,Zebulon Zirbou,Joueur 98,Warguy,Joueur 70,Full of Hate,Joueur 88,Joueur 73,Joueur 71
Tblitz_2022_85,Groschat,Joueur 96,Joueur 76,General Yankovic,Joueur 98,Stradivarius,Joueur 82,Leandro
Tblitz_2022_86,Zebulon Zirbou,V2PT,Robin84,Joueur 99,Joueur 71,Joueur 83,Joueur 37,Flasheur
Tblitz_2022_87,Flasheur,Petar Popara,General Yankovic,V2PT,Von Choucroutehausen,Barjo,Joueur 77,Joueur 58
Tblitz_2022_88,Flasheur,Joueur 41,Von Choucroutehausen,Rymeorsk,Joueur 47,Joueur 75,Joueur 34,Joueur 42
Tblitz_2022_89,Zebulon Zirbou,Joueur 75,Lanimal,Joueur 57,Joueur 80,Blabega,Joueur 81,Joueur 37
Tblitz_2022_90,Zebulon Zirbou,Joueur 88,Joueur 75,Joueur 69,Stradivarius,Joueur 58,Joueur 94,Lafouine
Tblitz_2022_91,Zebulon Zirbou,Joueur 85,Lei Saarlainen,Joueur 97,Warguy,Joueur 100,Joueur 54,Joueur 48
Tblitz_2022_92,Zebulon Zirbou,Joueur 47,Joueur 37,Jean de Dreux,Joueur 41,Robin84,Joueur 59,Barjo
Tblitz_2022_93,Zebulon Zirbou,Stradivarius,Joueur 87,Joueur 83,Joueur 60,Rymeorsk,Joueur 69,Joueur 92
Tblitz_2022_94,Groschat,Joueur 95,Flasheur,Joueur 35,Joueur 40,Full of Hate,Joueur 67,Joueur 45
Tblitz_2022_95,Flasheur,Morfondus,Abydos,Joueur 55,Joueur 51,Joueur 84,Joueur 56,Joueur 89
Tblitz_2022_96,Groschat,Joueur 58,Joueur 98,Joueur 92,Joueur 36,Joueur 73,Joueur 40,Joueur 43
Tblitz_2022_97,Zebulon Zirbou,Joueur 65,Joueur 94,Joueur 72,Joueur 92,Joueur 40,Leandro,Jean de Dreux
Tblitz_2022_98,Flasheur,Abydos,Joueur 99,Stradivarius,Joueur 62,Joueur 42,Joueur 95,Joueur 67
Tblitz_2022_99,Flasheur,Elric_S,Kakitaievitch,Joueur 52,Joueur 64,Joueur 81,Joueur 100,Joueur 87
Tblitz_2022_100,Zebulon Zirbou,Joueur 87,Rymeorsk,Von Choucroutehausen,Joueur 76,Lorenzo,Joueur 93,Joueur 70
